iso3,iso2,country,capital_api,region,income_level,year,population_2024,country_web,capital_web,population_web,area_km2,population_millions,area_million_km2,estimated_density,log10_population,log10_area
AFG,AF,Afghanistan,Kabul,"Middle East, North Africa, Afghanistan & Pakistan",Low income,2024,42647492,Afghanistan,Kabul,29121286,647500.0,42.647492,0.6475,65.86485250965251,7.6298934964042,5.811239772753289
ALB,AL,Albania,Tirane,Europe & Central Asia,Upper middle income,2024,2377128,Albania,Tirana,2986952,28748.0,2.377128,0.028748,82.68846528454154,6.376052567591454,4.45860763618471
DZA,DZ,Algeria,Algiers,"Middle East, North Africa, Afghanistan & Pakistan",Upper middle income,2024,46814308,Algeria,Algiers,34586184,2381740.0,46.814308,2.38174,19.655507318179147,7.670378608111857,6.376894350459825
ASM,AS,American Samoa,Pago Pago,East Asia & Pacific,High income,2024,46765,American Samoa,Pago Pago,57881,199.0,0.046765,0.000199,235.0,4.669920938681443,2.298853076409707
AND,AD,Andorra,Andorra la Vella,Europe & Central Asia,High income,2024,81938,Andorra,Andorra la Vella,84000,468.0,0.081938,0.000468,175.0811965811966,4.913485359183095,2.670245853074124
AGO,AO,Angola,Luanda,Sub-Saharan Africa,Lower middle income,2024,37885849,Angola,Luanda,13068161,1246700.0,37.885849,1.2467,30.388905911606642,7.578477023983065,6.0957619594775005
ATG,AG,Antigua and Barbuda,Saint John's,Latin America & Caribbean,High income,2024,93772,Antigua and Barbuda,St. John's,86754,443.0,0.093772,0.000443,211.67494356659142,4.972073178882086,2.6464037262230695
ARG,AR,Argentina,Buenos Aires,Latin America & Caribbean,Upper middle income,2024,45696159,Argentina,Buenos Aires,41343201,2766890.0,45.696159,2.76689,16.515350809031077,7.659879696892381,6.441991893747886
ARM,AM,Armenia,Yerevan,Europe & Central Asia,Upper middle income,2024,3033500,Armenia,Yerevan,2968000,29800.0,3.0335,0.0298,101.79530201342281,6.481943999280067,4.474216264076255
ABW,AW,Aruba,Oranjestad,Latin America & Caribbean,High income,2024,107995,Aruba,Oranjestad,71566,193.0,0.107995,0.000193,559.5595854922279,5.0334036487955,2.285557309007774
AUS,AU,Australia,Canberra,East Asia & Pacific,High income,2024,27194286,Australia,Canberra,21515754,7686850.0,27.194286,7.68685,3.5377672258467383,7.434477660675339,6.885748406396718
AUT,AT,Austria,Vienna,Europe & Central Asia,High income,2024,9177982,Austria,Vienna,8205000,83858.0,9.177982,0.083858,109.44670752939493,6.962747201614433,4.9235445003365506
AZE,AZ,Azerbaijan,Baku,Europe & Central Asia,Upper middle income,2024,10202830,Azerbaijan,Baku,8303512,86600.0,10.20283,0.0866,117.81558891454965,7.008720650479004,4.937517892017347
BHS,BS,"Bahamas, The",Nassau,Latin America & Caribbean,High income,2024,401283,Bahamas,Nassau,301790,13940.0,0.401283,0.01394,28.786441893830702,5.603450761621261,4.144262773761991
BHR,BH,Bahrain,Manama,"Middle East, North Africa, Afghanistan & Pakistan",High income,2024,1588670,Bahrain,Manama,738004,665.0,1.58867,0.000665,2388.9774436090224,6.201033694524569,2.8228216453031045
BGD,BD,Bangladesh,Dhaka,South Asia,Lower middle income,2024,173562364,Bangladesh,Dhaka,156118464,144000.0,173.562364,0.144,1205.2941944444444,8.23945555678999,5.158362492095249
BRB,BB,Barbados,Bridgetown,Latin America & Caribbean,High income,2024,282467,Barbados,Bridgetown,285653,431.0,0.282467,0.000431,655.3758700696055,5.4509677174473445,2.6344772701607315
BLR,BY,Belarus,Minsk,Europe & Central Asia,Upper middle income,2024,9132629,Belarus,Minsk,9685000,207600.0,9.132629,0.2076,43.99146917148362,6.9605958154136545,5.31722734917642
BEL,BE,Belgium,Brussels,Europe & Central Asia,High income,2024,11858610,Belgium,Brussels,10403000,30510.0,11.85861,0.03051,388.6794493608653,7.07403378643905,4.484442207642407
BLZ,BZ,Belize,Belmopan,Latin America & Caribbean,Upper middle income,2024,417072,Belize,Belmopan,314522,22966.0,0.417072,0.022966,18.16041104241052,5.620211034598477,4.361085360488826
BEN,BJ,Benin,Porto-Novo,Sub-Saharan Africa,Lower middle income,2024,14462724,Benin,Porto-Novo,9056010,112620.0,14.462724,0.11262,128.42056473095366,7.1602500984047905,5.0516155230049895
BMU,BM,Bermuda,Hamilton,North America,High income,2024,64636,Bermuda,Hamilton,65365,53.0,0.064636,5.3e-05,1219.5471698113208,4.810474472276444,1.724275869600789
BTN,BT,Bhutan,Thimphu,South Asia,Lower middle income,2024,791524,Bhutan,Thimphu,699847,47000.0,0.791524,0.047,16.840936170212768,5.8984640877511785,4.672097857935717
BOL,BO,Bolivia,La Paz,Latin America & Caribbean,Lower middle income,2024,12413315,Bolivia,Sucre,9947418,1098580.0,12.413315,1.09858,11.29941834003896,7.093887776176803,6.040831688287468
BIH,BA,Bosnia and Herzegovina,Sarajevo,Europe & Central Asia,Upper middle income,2024,3164253,Bosnia and Herzegovina,Sarajevo,4590000,51129.0,3.164253,0.051129,61.887637153083375,6.5002712005244945,4.708667298716583
BWA,BW,Botswana,Gaborone,Sub-Saharan Africa,Upper middle income,2024,2521139,Botswana,Gaborone,2029307,600370.0,2.521139,0.60037,4.199308759598248,6.40159679064623,5.778418982771813
BRA,BR,Brazil,Brasilia,Latin America & Caribbean,Upper middle income,2024,211998573,Brazil,Brasília,201103330,8511965.0,211.998573,8.511965,24.905949801250358,8.326332937625395,6.930029829196965
VGB,VG,British Virgin Islands,Road Town,Latin America & Caribbean,High income,2024,39471,British Virgin Islands,Road Town,21730,153.0,0.039471,0.000153,257.98039215686276,4.596278129409967,2.184691430817599
BRN,BN,Brunei Darussalam,Bandar Seri Begawan,East Asia & Pacific,High income,2024,462721,Brunei,Bandar Seri Begawan,395027,5770.0,0.462721,0.00577,80.19428076256499,5.665319209846046,3.7611758131557314
BGR,BG,Bulgaria,Sofia,Europe & Central Asia,High income,2024,6441421,Bulgaria,Sofia,7148785,110910.0,6.441421,0.11091,58.07791001713101,6.808981684810587,5.044970705292769
BFA,BF,Burkina Faso,Ouagadougou,Sub-Saharan Africa,Low income,2024,23548781,Burkina Faso,Ouagadougou,16241811,274200.0,23.548781,0.2742,85.88176878191102,7.3719684308417515,5.438067450453494
BDI,BI,Burundi,Bujumbura,Sub-Saharan Africa,Low income,2024,14047786,Burundi,Bujumbura,9863117,27830.0,14.047786,0.02783,504.7713259072943,7.147607882693076,4.444513206334043
CPV,CV,Cabo Verde,Praia,Sub-Saharan Africa,Upper middle income,2024,524877,Cape Verde,Praia,508659,4033.0,0.524877,0.004033,130.14554921894373,5.720057542492024,3.605628222007619
KHM,KH,Cambodia,Phnom Penh,East Asia & Pacific,Lower middle income,2024,17638801,Cambodia,Phnom Penh,14453680,181040.0,17.638801,0.18104,97.4304076447194,7.246469060570099,5.257774540946672
CMR,CM,Cameroon,Yaounde,Sub-Saharan Africa,Lower middle income,2024,29123744,Cameroon,Yaoundé,19294149,475440.0,29.123744,0.47544,61.25640249032475,7.464247204913689,5.677095717250153
CAN,CA,Canada,Ottawa,North America,High income,2024,41262329,Canada,Ottawa,33679000,9984670.0,41.262329,9.98467,4.1325681269385965,7.615553737531999,6.999333715721757
CYM,KY,Cayman Islands,George Town,Latin America & Caribbean,High income,2024,74457,Cayman Islands,George Town,44270,262.0,0.074457,0.000262,284.18702290076334,4.8719055337667,2.4183012913197452
CAF,CF,Central African Republic,Bangui,Sub-Saharan Africa,Low income,2024,5330690,Central African Republic,Bangui,4844927,622984.0,5.33069,0.622984,8.55670450605473,6.72678342737509,5.794476892885588
TCD,TD,Chad,N'Djamena,Sub-Saharan Africa,Low income,2024,20299123,Chad,N'Djamena,10543464,1284000.0,20.299123,1.284,15.809285825545171,7.307477275130545,6.108565023732835
CHL,CL,Chile,Santiago,Latin America & Caribbean,High income,2024,19764771,Chile,Santiago,16746491,756950.0,19.764771,0.75695,26.11106546007002,7.295891786854426,5.8790671933161125
CHN,CN,China,Beijing,East Asia & Pacific,Upper middle income,2024,1408975000,China,Beijing,1330044000,9596960.0,1408.975,9.59696,146.81472049482335,9.148903287319172,6.982133684673991
COL,CO,Colombia,Bogota,Latin America & Caribbean,Upper middle income,2024,52886363,Colombia,Bogotá,47790000,1138910.0,52.886363,1.13891,46.43594577271251,7.723343701574825,6.056489406214574
COM,KM,Comoros,Moroni,Sub-Saharan Africa,Lower middle income,2024,866628,Comoros,Moroni,773407,2170.0,0.866628,0.00217,399.3677419354839,5.937832716603557,3.3364597338485296
COD,CD,"Congo, Dem. Rep.",Kinshasa,Sub-Saharan Africa,Low income,2024,109276265,Democratic Republic of the Congo,Kinshasa,70916439,2345410.0,109.276265,2.34541,46.59154049824977,8.038525842655076,6.370218772498146
COG,CG,"Congo, Rep.",Brazzaville,Sub-Saharan Africa,Lower middle income,2024,6332961,Republic of the Congo,Brazzaville,3039126,342000.0,6.332961,0.342,18.517429824561404,6.801606813538617,5.534026106056135
CRI,CR,Costa Rica,San Jose,Latin America & Caribbean,High income,2024,5129910,Costa Rica,San José,4516220,51100.0,5.12991,0.0511,100.38962818003914,6.7101097458435435,4.708420900134713
CIV,CI,Cote d'Ivoire,Yamoussoukro,Sub-Saharan Africa,Lower middle income,2024,31934230,Ivory Coast,Yamoussoukro,21058798,322460.0,31.93423,0.32246,99.03315139862309,7.5042564488865935,5.5084758496482324
HRV,HR,Croatia,Zagreb,Europe & Central Asia,High income,2024,3866200,Croatia,Zagreb,4491000,56542.0,3.8662,0.056542,68.37748929998939,6.587284316492772,4.752371166261774
CUB,CU,Cuba,Havana,Latin America & Caribbean,Upper middle income,2024,10979783,Cuba,Havana,11423000,110860.0,10.979783,0.11086,99.04188165253473,7.040593756978022,5.044774874256443
CUW,CW,Curacao,Willemstad,Latin America & Caribbean,High income,2024,155967,Curacao,Willemstad,141766,444.0,0.155967,0.000444,351.27702702702703,5.193032718649516,2.6473829701146196
CYP,CY,Cyprus,Nicosia,Europe & Central Asia,High income,2024,1358282,Cyprus,Nicosia,1102677,9250.0,1.358282,0.00925,146.8412972972973,6.132989945444918,3.9661417327390325
CZE,CZ,Czechia,Prague,Europe & Central Asia,High income,2024,10905028,Czech Republic,Prague,10476000,78866.0,10.905028,0.078866,138.2728679025182,7.037626785020623,4.896889814428399
DNK,DK,Denmark,Copenhagen,Europe & Central Asia,High income,2024,5976992,Denmark,Copenhagen,5484000,43094.0,5.976992,0.043094,138.6966166983803,6.776482674545714,4.634416807323513
DJI,DJ,Djibouti,Djibouti,"Middle East, North Africa, Afghanistan & Pakistan",Lower middle income,2024,1168722,Djibouti,Djibouti,740528,23000.0,1.168722,0.023,50.814,6.067711219267818,4.361727836017593
DMA,DM,Dominica,Roseau,Latin America & Caribbean,Upper middle income,2024,66205,Dominica,Roseau,72813,754.0,0.066205,0.000754,87.8050397877984,4.820890789899057,2.877371345869774
DOM,DO,Dominican Republic,Santo Domingo,Latin America & Caribbean,Upper middle income,2024,11427557,Dominican Republic,Santo Domingo,9823821,48730.0,11.427557,0.04873,234.50763390108762,7.05795339620278,4.687796411381295
ECU,EC,Ecuador,Quito,Latin America & Caribbean,Upper middle income,2024,18135478,Ecuador,Quito,14790608,283560.0,18.135478,0.28356,63.95640428833404,7.258529006843751,5.452644967679994
EGY,EG,"Egypt, Arab Rep.",Cairo,"Middle East, North Africa, Afghanistan & Pakistan",Lower middle income,2024,116538258,Egypt,Cairo,80471869,1001450.0,116.538258,1.00145,116.36952219282041,8.066468522020463,6.00062927088754
SLV,SV,El Salvador,San Salvador,Latin America & Caribbean,Upper middle income,2024,6338193,El Salvador,San Salvador,6052064,21040.0,6.338193,0.02104,301.2449144486692,6.80196545946123,4.323045735481702
GNQ,GQ,Equatorial Guinea,Malabo,Sub-Saharan Africa,Upper middle income,2024,1892516,Equatorial Guinea,Malabo,1014999,28051.0,1.892516,0.028051,67.46697087447863,6.277039559866872,4.44794834818543
ERI,ER,Eritrea,Asmara,Sub-Saharan Africa,Low income,2024,3535603,Eritrea,Asmara,5792984,121320.0,3.535603,0.12132,29.142787668974613,6.5484634937310595,5.083932401638626
EST,EE,Estonia,Tallinn,Europe & Central Asia,High income,2024,1372341,Estonia,Tallinn,1291170,45226.0,1.372341,0.045226,30.34407199398576,6.137462038497202,4.655388178399303
SWZ,SZ,Eswatini,Mbabane,Sub-Saharan Africa,Lower middle income,2024,1242822,Swaziland,Mbabane,1354051,17363.0,1.242822,0.017363,71.5787594309739,6.094408932379876,4.239624765246138
ETH,ET,Ethiopia,Addis Ababa,Sub-Saharan Africa,Low income,2024,132059767,Ethiopia,Addis Ababa,88013491,1127127.0,132.059767,1.127127,117.16493970954471,8.120770526689046,6.051972853305862
FRO,FO,Faroe Islands,Torshavn,Europe & Central Asia,High income,2024,54640,Faroe Islands,Tórshavn,48228,1399.0,0.05464,0.001399,39.05646890636169,4.737510690673476,3.1458177144918276
FJI,FJ,Fiji,Suva,East Asia & Pacific,Upper middle income,2024,928784,Fiji,Suva,875983,18270.0,0.928784,0.01827,50.83656267104543,5.967914725279654,4.261738547352538
FIN,FI,Finland,Helsinki,Europe & Central Asia,High income,2024,5619911,Finland,Helsinki,5244000,337030.0,5.619911,0.33703,16.67480936415156,6.749729437897362,5.527668560380458
FRA,FR,France,Paris,Europe & Central Asia,High income,2024,68551653,France,Paris,64768389,547030.0,68.551653,0.54703,125.31607590077327,7.836017931483274,5.73801114439045
PYF,PF,French Polynesia,Papeete,East Asia & Pacific,High income,2024,281807,French Polynesia,Papeete,270485,4167.0,0.281807,0.004167,67.62826973842093,5.449951776649902,3.619823500457278
GAB,GA,Gabon,Libreville,Sub-Saharan Africa,Upper middle income,2024,2538952,Gabon,Libreville,1545255,267667.0,2.538952,0.267667,9.485487564772647,6.404654490423867,5.427594831398634
GMB,GM,"Gambia, The",Banjul,Sub-Saharan Africa,Low income,2024,2759988,Gambia,Bathurst,1593256,11300.0,2.759988,0.0113,244.2467256637168,6.440907193824235,4.05307844348342
GEO,GE,Georgia,Tbilisi,Europe & Central Asia,Upper middle income,2024,3812518,Georgia,Tbilisi,4630000,69700.0,3.812518,0.0697,54.69896700143472,6.581211902789523,4.84323277809801
DEU,DE,Germany,Berlin,Europe & Central Asia,High income,2024,83516593,Germany,Berlin,81802257,357021.0,83.516593,0.357021,233.9262760453867,7.921772769285104,5.552693762095077
GHA,GH,Ghana,Accra,Sub-Saharan Africa,Lower middle income,2024,34427414,Ghana,Accra,24339838,239460.0,34.427414,0.23946,143.77104318048944,7.536904402091569,5.379232978167667
GIB,GI,Gibraltar,,Europe & Central Asia,High income,2024,39329,Gibraltar,Gibraltar,27884,6.5,0.039329,6.5e-06,6050.615384615385,4.594712903948441,0.8129133566428556
GRC,GR,Greece,Athens,Europe & Central Asia,High income,2024,10405134,Greece,Athens,11000000,131940.0,10.405134,0.13194,78.86261937244203,7.0172476775400385,5.120376479744434
GRL,GL,Greenland,Nuuk,Europe & Central Asia,High income,2024,56836,Greenland,Nuuk,56375,2166086.0,0.056836,2.166086,0.02623903206059224,4.754623505584502,6.335675695402872
GRD,GD,Grenada,Saint George's,Latin America & Caribbean,Upper middle income,2024,117207,Grenada,St. George's,107818,344.0,0.117207,0.000344,340.71802325581393,5.068953549997687,2.53655844257153
GUM,GU,Guam,Agana,East Asia & Pacific,High income,2024,167777,Guam,Hagåtña,159358,549.0,0.167777,0.000549,305.6047358834244,5.2247324245635,2.739572344450092
GTM,GT,Guatemala,Guatemala City,Latin America & Caribbean,Upper middle income,2024,18406359,Guatemala,Guatemala City,13550440,108890.0,18.406359,0.10889,169.03626595646983,7.264967888308736,5.036987997806906
GIN,GN,Guinea,Conakry,Sub-Saharan Africa,Lower middle income,2024,14754785,Guinea,Conakry,10324025,245857.0,14.754785,0.245857,60.01368681794702,7.168932885540898,5.390682577963154
GNB,GW,Guinea-Bissau,Bissau,Sub-Saharan Africa,Low income,2024,2201352,Guinea-Bissau,Bissau,1565126,36120.0,2.201352,0.03612,60.945514950166114,6.342689492546422,4.557747741641468
GUY,GY,Guyana,Georgetown,Latin America & Caribbean,High income,2024,831087,Guyana,Georgetown,748486,214970.0,0.831087,0.21497,3.8660603805182117,5.919646489057541,5.332377856457326
HTI,HT,Haiti,Port-au-Prince,Latin America & Caribbean,Lower middle income,2024,11772557,Haiti,Port-au-Prince,9648924,27750.0,11.772557,0.02775,424.2362882882883,7.070870801873354,4.443262987458695
HND,HN,Honduras,Tegucigalpa,Latin America & Caribbean,Lower middle income,2024,10825703,Honduras,Tegucigalpa,7989415,112090.0,10.825703,0.11209,96.58045320724418,7.034456108176209,5.049566869164652
HKG,HK,"Hong Kong SAR, China",,East Asia & Pacific,High income,2024,7524100,Hong Kong,Hong Kong,6898686,1092.0,7.5241,0.001092,6890.201465201465,6.876454558962284,3.0382226383687185
HUN,HU,Hungary,Budapest,Europe & Central Asia,High income,2024,9562065,Hungary,Budapest,9982000,93030.0,9.562065,0.09303,102.78474685585294,6.980551691571168,4.968623020956989
ISL,IS,Iceland,Reykjavik,Europe & Central Asia,High income,2024,386506,Iceland,Reykjavik,308910,103000.0,0.386506,0.103,3.752485436893204,5.587156240160335,5.012837224705172
IND,IN,India,New Delhi,South Asia,Lower middle income,2024,1450935791,India,New Delhi,1173108018,3287590.0,1450.935791,3.28759,441.3372078026761,9.16164819380824,6.516877650765755
IDN,ID,Indonesia,Jakarta,East Asia & Pacific,Upper middle income,2024,283487931,Indonesia,Jakarta,242968342,1919440.0,283.487931,1.91944,147.69304119951653,8.452534574298857,6.283174541003473
IRN,IR,"Iran, Islamic Rep.",Tehran,"Middle East, North Africa, Afghanistan & Pakistan",Upper middle income,2024,91567738,Iran,Tehran,76923300,1648000.0,91.567738,1.648,55.56294781553398,7.961742485932422,6.216957207361097
IRQ,IQ,Iraq,Baghdad,"Middle East, North Africa, Afghanistan & Pakistan",Upper middle income,2024,46042015,Iraq,Baghdad,29671605,437072.0,46.042015,0.437072,105.3419459494088,7.663154322000143,5.640552985316022
IRL,IE,Ireland,Dublin,Europe & Central Asia,High income,2024,5395790,Ireland,Dublin,4622917,70280.0,5.39579,0.07028,76.77561183836085,6.732055038921303,4.846831752823257
IMN,IM,Isle of Man,Douglas,Europe & Central Asia,High income,2024,84160,Isle of Man,Douglas,75049,572.0,0.08416,0.000572,147.13286713286712,4.925105726809663,2.7573960287930244
ISR,IL,Israel,,"Middle East, North Africa, Afghanistan & Pakistan",High income,2024,10002200,Israel,,7353985,20770.0,10.0022,0.02077,481.56957149735194,7.000095534277634,4.317436496535099
ITA,IT,Italy,Rome,Europe & Central Asia,High income,2024,58952704,Italy,Rome,60340328,301230.0,58.952704,0.30123,195.70661620688512,7.770503729793227,5.478898221797102
JAM,JM,Jamaica,Kingston,Latin America & Caribbean,Upper middle income,2024,2839175,Jamaica,Kingston,2847232,10991.0,2.839175,0.010991,258.31816941133656,6.453192162230685,4.041037207867029
JPN,JP,Japan,Tokyo,East Asia & Pacific,High income,2024,123975371,Japan,Tokyo,127288000,377835.0,123.975371,0.377835,328.12039911601624,8.0933354166043,5.577302185461992
JOR,JO,Jordan,Amman,"Middle East, North Africa, Afghanistan & Pakistan",Upper middle income,2024,11552876,Jordan,Amman,6407085,92300.0,11.552876,0.0923,125.1665872156013,7.06269011197264,4.965201701025912
KAZ,KZ,Kazakhstan,Astana,Europe & Central Asia,Upper middle income,2024,20592571,Kazakhstan,Astana,15340000,2717300.0,20.592571,2.7173,7.5783207595775215,7.313710572038509,6.434137588786735
KEN,KE,Kenya,Nairobi,Sub-Saharan Africa,Lower middle income,2024,56432944,Kenya,Nairobi,40046566,582650.0,56.432944,0.58265,96.85564918905003,7.751532707183102,5.765407750790011
KIR,KI,Kiribati,Tarawa,East Asia & Pacific,Lower middle income,2024,134518,Kiribati,Tarawa,92533,811.0,0.134518,0.000811,165.8668310727497,5.128780401644227,2.909020854211156
PRK,KP,"Korea, Dem. People's Rep.",Pyongyang,East Asia & Pacific,Low income,2024,26498823,North Korea,Pyongyang,22912177,120540.0,26.498823,0.12054,219.83427078148333,7.423226584278043,5.081131187131893
KOR,KR,"Korea, Rep.",Seoul,East Asia & Pacific,High income,2024,51751065,South Korea,Seoul,48422644,98480.0,51.751065,0.09848,525.4982229894395,7.7139192916915444,4.9933480399232595
XKX,XK,Kosovo,Pristina,Europe & Central Asia,Upper middle income,2024,1594353,Kosovo,Pristina,1800000,10908.0,1.594353,0.010908,146.16364136413642,6.2025844832956,4.0377451292695925
KWT,KW,Kuwait,Kuwait City,"Middle East, North Africa, Afghanistan & Pakistan",High income,2024,4897263,Kuwait,Kuwait City,2789132,17820.0,4.897263,0.01782,274.81835016835015,6.689953427763714,4.250907699700856
KGZ,KG,Kyrgyz Republic,Bishkek,Europe & Central Asia,Lower middle income,2024,7221868,Kyrgyzstan,Bishkek,5776500,198500.0,7.221868,0.1985,36.382206549118386,6.858649546207187,5.297760511099134
LAO,LA,Lao PDR,Vientiane,East Asia & Pacific,Lower middle income,2024,7769819,Laos,Vientiane,6368162,236800.0,7.769819,0.2368,32.81173564189189,6.890410901913294,5.3743816980508825
LVA,LV,Latvia,Riga,Europe & Central Asia,High income,2024,1866124,Latvia,Riga,2217969,64589.0,1.866124,0.064589,28.89228816052269,6.270940498320729,4.810158560625456
LBN,LB,Lebanon,Beirut,"Middle East, North Africa, Afghanistan & Pakistan",Lower middle income,2024,5805962,Lebanon,Beirut,4125247,10400.0,5.805962,0.0104,558.2655769230769,6.763874189049165,4.017033339298781
LSO,LS,Lesotho,Maseru,Sub-Saharan Africa,Lower middle income,2024,2337423,Lesotho,Maseru,1919552,30355.0,2.337423,0.030355,77.0028990281667,6.368737313137751,4.4822302372089675
LBR,LR,Liberia,Monrovia,Sub-Saharan Africa,Low income,2024,5612817,Liberia,Monrovia,3685076,111370.0,5.612817,0.11137,50.397925832809555,6.749180882735299,5.046768219660838
LBY,LY,Libya,Tripoli,"Middle East, North Africa, Afghanistan & Pakistan",Upper middle income,2024,7381023,Libya,Tripoli,6461454,1759540.0,7.381023,1.75954,4.194859451902202,6.868116558634021,6.245399144192987
LIE,LI,Liechtenstein,Vaduz,Europe & Central Asia,High income,2024,40450,Liechtenstein,Vaduz,35000,160.0,0.04045,0.00016,252.8125,4.606918525948291,2.2041199826559246
LTU,LT,Lithuania,Vilnius,Europe & Central Asia,High income,2024,2888278,Lithuania,Vilnius,2944459,65200.0,2.888278,0.0652,44.298742331288345,6.460638992240884,4.814247595731921
LUX,LU,Luxembourg,Luxembourg,Europe & Central Asia,High income,2024,677012,Luxembourg,Luxembourg,497538,2586.0,0.677012,0.002586,261.7989172467131,5.830596366598875,3.4126285205443754
MAC,MO,"Macao SAR, China",,East Asia & Pacific,High income,2024,687000,Macao,Macao,449198,254.0,0.687,0.000254,2704.7244094488187,5.83695673705955,2.404833716619938
MDG,MG,Madagascar,Antananarivo,Sub-Saharan Africa,Low income,2024,31964956,Madagascar,Antananarivo,21281844,587040.0,31.964956,0.58704,54.45106977378032,7.504674110960706,5.768667694411873
MWI,MW,Malawi,Lilongwe,Sub-Saharan Africa,Low income,2024,21655286,Malawi,Lilongwe,15447500,118480.0,21.655286,0.11848,182.77587778528022,7.33556392380364,5.073645045513152
MYS,MY,Malaysia,Kuala Lumpur,East Asia & Pacific,Upper middle income,2024,35557673,Malaysia,Kuala Lumpur,28274729,329750.0,35.557673,0.32975,107.8322153146323,7.550933331704051,5.518184804218403
MDV,MV,Maldives,Male,South Asia,Upper middle income,2024,527799,Maldives,Malé,395650,300.0,0.527799,0.0003,1759.33,5.722468563044142,2.4771212547196626
MLI,ML,Mali,Bamako,Sub-Saharan Africa,Low income,2024,24478595,Mali,Bamako,13796354,1240000.0,24.478595,1.24,19.74080241935484,7.388786486951542,6.093421685162235
MLT,MT,Malta,Valletta,"Middle East, North Africa, Afghanistan & Pakistan",High income,2024,568847,Malta,Valletta,403000,316.0,0.568847,0.000316,1800.1487341772151,5.754995472034965,2.499687082618404
MHL,MH,Marshall Islands,Majuro,East Asia & Pacific,Upper middle income,2024,37548,Marshall Islands,Majuro,65859,181.3,0.037548,0.00018130000000000002,207.1042471042471,4.574586809193818,2.258397804095509
MRT,MR,Mauritania,Nouakchott,Sub-Saharan Africa,Lower middle income,2024,5169395,Mauritania,Nouakchott,3205060,1030700.0,5.169395,1.0307,5.015421558164355,6.71343971842541,6.0131322760460035
MUS,MU,Mauritius,Port Louis,Sub-Saharan Africa,Upper middle income,2024,1245779,Mauritius,Port Louis,1294104,2040.0,1.245779,0.00204,610.6759803921568,6.095441005731421,3.3096301674258988
MEX,MX,Mexico,Mexico City,Latin America & Caribbean,Upper middle income,2024,130861007,Mexico,Mexico City,112468855,1972550.0,130.861007,1.97255,66.341034194317,8.11681025795272,6.295028020474047
FSM,FM,"Micronesia, Fed. Sts.",Palikir,East Asia & Pacific,Upper middle income,2024,113160,Micronesia,Palikir,107708,702.0,0.11316,0.000702,161.1965811965812,5.053692938784954,2.846337112129805
MDA,MD,Moldova,Chisinau,Europe & Central Asia,Upper middle income,2024,2402306,Moldova,Chişinău,4324000,33843.0,2.402306,0.033843,70.98383713027805,6.380628325984138,4.529468853944326
MCO,MC,Monaco,Monaco,Europe & Central Asia,High income,2024,38631,Monaco,Monaco,32965,1.95,0.038631,1.95e-06,19810.76923076923,4.586935950414062,0.290034611362518
MNG,MN,Mongolia,Ulaanbaatar,East Asia & Pacific,Upper middle income,2024,3524788,Mongolia,Ulan Bator,3086918,1565000.0,3.524788,1.565,2.2522607028753994,6.547133001270987,6.194514341882467
MNE,ME,Montenegro,Podgorica,Europe & Central Asia,Upper middle income,2024,623525,Montenegro,Podgorica,666730,14026.0,0.623525,0.014026,44.45494082418366,5.79485387103731,4.1469338345627635
MAR,MA,Morocco,Rabat,"Middle East, North Africa, Afghanistan & Pakistan",Lower middle income,2024,38081173,Morocco,Rabat,31627428,446550.0,38.081173,0.44655,85.27863173216885,7.580710317327493,5.649870093702406
MOZ,MZ,Mozambique,Maputo,Sub-Saharan Africa,Low income,2024,34631766,Mozambique,Maputo,22061451,801590.0,34.631766,0.80159,43.20383986826183,7.539474638373012,5.903952290644043
MMR,MM,Myanmar,Naypyidaw,East Asia & Pacific,Lower middle income,2024,54500091,Myanmar [Burma],Naypyitaw,53414374,678500.0,54.500091,0.6785,80.32437877671333,7.7363972274282915,5.831549851995756
NAM,NA,Namibia,Windhoek,Sub-Saharan Africa,Lower middle income,2024,3030131,Namibia,Windhoek,2128471,825418.0,3.030131,0.825418,3.6710260740618694,6.481461404524519,5.916673935362136
NRU,NR,Naoero,Yaren District,East Asia & Pacific,High income,2024,11947,Nauru,Yaren,10065,21.0,0.011947,2.1e-05,568.9047619047619,4.077258863692948,1.3222192947339193
NPL,NP,Nepal,Kathmandu,South Asia,Lower middle income,2024,29651054,Nepal,Kathmandu,28951852,140800.0,29.651054,0.1408,210.5898721590909,7.472040135752494,5.148602654806093
NLD,NL,Netherlands,Amsterdam,Europe & Central Asia,High income,2024,17993485,Netherlands,Amsterdam,16645000,41526.0,17.993485,0.041526,433.3064826855464,7.255115286174353,4.618320099624399
NCL,NC,New Caledonia,Noum'ea,East Asia & Pacific,High income,2024,292639,New Caledonia,Noumea,216494,19060.0,0.292639,0.01906,15.353567681007345,5.466332204072664,4.2801228963023075
NZL,NZ,New Zealand,Wellington,East Asia & Pacific,High income,2024,5290000,New Zealand,Wellington,4252277,268680.0,5.29,0.26868,19.688849188625873,6.723455672035186,5.429235339626655
NIC,NI,Nicaragua,Managua,Latin America & Caribbean,Lower middle income,2024,6916140,Nicaragua,Managua,5995928,129494.0,6.91614,0.129494,53.40896103294361,6.839863775899178,5.112249646199058
NER,NE,Niger,Niamey,Sub-Saharan Africa,Low income,2024,27032412,Niger,Niamey,15878271,1267000.0,27.032412,1.267,21.33576322020521,7.431884797883554,6.1027766148834415
NGA,NG,Nigeria,Abuja,Sub-Saharan Africa,Lower middle income,2024,232679478,Nigeria,Abuja,154000000,923768.0,232.679478,0.923768,251.880859696374,8.36675808081838,5.965562913892205
MKD,MK,North Macedonia,Skopje,Europe & Central Asia,Upper middle income,2024,1824359,Macedonia,Skopje,2062294,25333.0,1.824359,0.025333,72.01511861998185,6.261110303497732,4.403686623122456
MNP,MP,Northern Mariana Islands,Saipan,East Asia & Pacific,High income,2024,44278,Northern Mariana Islands,Saipan,53883,477.0,0.044278,0.000477,92.82599580712788,4.646187995933419,2.678518379040114
NOR,NO,Norway,Oslo,Europe & Central Asia,High income,2024,5572279,Norway,Oslo,5009150,324220.0,5.572279,0.32422,17.186721978903215,6.74603285310853,5.510839801449361
OMN,OM,Oman,Muscat,"Middle East, North Africa, Afghanistan & Pakistan",High income,2024,5281538,Oman,Muscat,2967717,212460.0,5.281538,0.21246,24.85897580721077,6.722760408831147,5.327277177141755
PAK,PK,Pakistan,Islamabad,"Middle East, North Africa, Afghanistan & Pakistan",Lower middle income,2024,251269164,Pakistan,Islamabad,184404791,803940.0,251.269164,0.80394,312.5471602358385,8.400139194814843,5.905223637503099
PLW,PW,Palau,Koror,East Asia & Pacific,High income,2024,17695,Palau,Melekeok,19907,458.0,0.017695,0.000458,38.6353711790393,4.247850566973534,2.660865478003869
PAN,PA,Panama,Panama City,Latin America & Caribbean,High income,2024,4515577,Panama,Panama City,3410676,78200.0,4.515577,0.0782,57.743951406649614,6.654713252302974,4.893206753059848
PNG,PG,Papua New Guinea,Port Moresby,East Asia & Pacific,Lower middle income,2024,10576502,Papua New Guinea,Port Moresby,6064515,462840.0,10.576502,0.46284,22.851313628899835,7.024342055857139,5.6654308849136665
PRY,PY,Paraguay,Asuncion,Latin America & Caribbean,Upper middle income,2024,6929153,Paraguay,Asunción,6375830,406750.0,6.929153,0.40675,17.03540995697603,6.840680150931061,5.609327561608897
PER,PE,Peru,Lima,Latin America & Caribbean,Upper middle income,2024,34217848,Peru,Lima,29907003,1285220.0,34.217848,1.28522,26.62411727175114,7.534252692782126,6.1089774752221935
PHL,PH,Philippines,Manila,East Asia & Pacific,Upper middle income,2024,115843670,Philippines,Manila,99900177,300000.0,115.84367,0.3,386.14556666666664,8.063872307792135,5.477121254719663
POL,PL,Poland,Warsaw,Europe & Central Asia,High income,2024,36559233,Poland,Warsaw,38500000,312685.0,36.559233,0.312685,116.9203287653709,7.562997075810103,5.4951070479411115
PRT,PT,Portugal,Lisbon,Europe & Central Asia,High income,2024,10694681,Portugal,Lisbon,10676000,92391.0,10.694681,0.092391,115.75457566213159,7.029167835003303,4.965629667749265
PRI,PR,Puerto Rico (US),San Juan,Latin America & Caribbean,High income,2024,3202521,Puerto Rico,San Juan,3916632,9104.0,3.202521,0.009104,351.7707601054482,6.505491986240055,3.959232249050996
QAT,QA,Qatar,Doha,"Middle East, North Africa, Afghanistan & Pakistan",High income,2024,2857822,Qatar,Doha,840926,11437.0,2.857822,0.011437,249.875142082714,6.456035175180918,4.058312121108386
ROU,RO,Romania,Bucharest,Europe & Central Asia,High income,2024,19051804,Romania,Bucharest,21959278,237500.0,19.051804,0.2375,80.21812210526316,7.27993610495396,5.375663613960885
RUS,RU,Russian Federation,Moscow,Europe & Central Asia,High income,2024,143669648,Russia,Moscow,140702000,17100000.0,143.669648,17.1,8.401733801169591,8.15736502771379,7.232996110392154
RWA,RW,Rwanda,Kigali,Sub-Saharan Africa,Low income,2024,14256567,Rwanda,Kigali,11055976,26338.0,14.256567,0.026338,541.2926949654492,7.154014959425295,4.420582793331098
WSM,WS,Samoa,Apia,East Asia & Pacific,Upper middle income,2024,218019,Samoa,Apia,192001,2944.0,0.218019,0.002944,74.0553668478261,5.338494343309143,3.4689378056654614
SMR,SM,San Marino,San Marino,Europe & Central Asia,High income,2024,33977,San Marino,San Marino,31477,61.2,0.033977,6.12e-05,555.1797385620915,4.531185030184496,1.7867514221455612
STP,ST,Sao Tome and Principe,Sao Tome,Sub-Saharan Africa,Lower middle income,2024,235536,São Tomé and Príncipe,São Tomé,175808,1001.0,0.235536,0.001001,235.3006993006993,5.372057295356503,3.000434077479319
SAU,SA,Saudi Arabia,Riyadh,"Middle East, North Africa, Afghanistan & Pakistan",High income,2024,35300280,Saudi Arabia,Riyadh,25731776,1960582.0,35.30028,1.960582,18.005000555957363,7.547778150202912,6.2923850110854875
SEN,SN,Senegal,Dakar,Sub-Saharan Africa,Lower middle income,2024,18501984,Senegal,Dakar,12323252,196190.0,18.501984,0.19619,94.30645802538356,7.26721830105452,5.292676867185116
SRB,RS,Serbia,Belgrade,Europe & Central Asia,Upper middle income,2024,6586476,Serbia,Belgrade,7344847,88361.0,6.586476,0.088361,74.54053258790643,6.818653113667614,4.946260622229098
SYC,SC,Seychelles,Victoria,Sub-Saharan Africa,High income,2024,121354,Seychelles,Victoria,88340,455.0,0.121354,0.000455,266.7120879120879,5.084054095866119,2.6580113966571126
SLE,SL,Sierra Leone,Freetown,Sub-Saharan Africa,Low income,2024,8642022,Sierra Leone,Freetown,5245695,71740.0,8.642022,0.07174,120.46308893225536,6.936615367560312,4.8557613723399475
SGP,SG,Singapore,Singapore,East Asia & Pacific,High income,2024,6036860,Singapore,Singapore,4701069,692.7,6.03686,0.0006927000000000001,8714.970405659014,6.780811104305936,2.8405451876368386
SXM,SX,Sint Maarten (Dutch part),Philipsburg,Latin America & Caribbean,High income,2024,43350,Sint Maarten,Philipsburg,37429,21.0,0.04335,2.1e-05,2064.285714285714,4.636989101812229,1.3222192947339193
SVK,SK,Slovak Republic,Bratislava,Europe & Central Asia,High income,2024,5422069,Slovakia,Bratislava,5455000,48845.0,5.422069,0.048845,111.0056095813287,6.734165040011081,4.688820113939199
SVN,SI,Slovenia,Ljubljana,Europe & Central Asia,High income,2024,2127400,Slovenia,Ljubljana,2007000,20273.0,2.1274,0.020273,104.93760173629951,6.327849154905208,4.3069180203772985
SLB,SB,Solomon Islands,Honiara,East Asia & Pacific,Lower middle income,2024,819198,Solomon Islands,Honiara,559198,28450.0,0.819198,0.02845,28.794305799648505,5.913388883341199,4.45408227073109
SOM,SO,"Somalia, Fed. Rep.",Mogadishu,Sub-Saharan Africa,Low income,2024,19009151,Somalia,Mogadishu,10112453,637657.0,19.009151,0.637657,29.810934405173942,7.27896272053462,5.804587131598569
ZAF,ZA,South Africa,Pretoria,Sub-Saharan Africa,Upper middle income,2024,64007187,South Africa,Pretoria,49000000,1219912.0,64.007187,1.219912,52.468692004013405,7.806228741158885,6.086328503385547
SSD,SS,South Sudan,Juba,Sub-Saharan Africa,Low income,2024,11943408,South Sudan,Juba,8260490,644329.0,11.943408,0.644329,18.536195018383467,7.0771282685360335,5.80910767853949
ESP,ES,Spain,Madrid,Europe & Central Asia,High income,2024,48848840,Spain,Madrid,46505963,504782.0,48.84884,0.504782,96.77215114643549,7.688854255105344,5.7031038600236155
LKA,LK,Sri Lanka,Colombo,South Asia,Upper middle income,2024,21916000,Sri Lanka,Colombo,21513990,65610.0,21.916,0.06561,334.03444596860237,7.340761291762672,4.8169700377573
KNA,KN,St. Kitts and Nevis,Basseterre,Latin America & Caribbean,High income,2024,46843,Saint Kitts and Nevis,Basseterre,51134,261.0,0.046843,0.000261,179.4750957854406,4.6706447011254335,2.416640507338281
LCA,LC,St. Lucia,Castries,Latin America & Caribbean,Upper middle income,2024,179744,Saint Lucia,Castries,160922,616.0,0.179744,0.000616,291.7922077922078,5.254654402196048,2.7895807121644256
MAF,MF,St. Martin (French part),Marigot,Latin America & Caribbean,High income,2024,26129,Saint Martin,Marigot,35925,53.0,0.026129,5.3e-05,493.0,4.417122788878019,1.724275869600789
VCT,VC,St. Vincent and the Grenadines,Kingstown,Latin America & Caribbean,Upper middle income,2024,100616,Saint Vincent and the Grenadines,Kingstown,104217,389.0,0.100616,0.000389,258.65295629820054,5.002667047908652,2.5899496013257077
SDN,SD,Sudan,Khartoum,Sub-Saharan Africa,Low income,2024,50448963,Sudan,Khartoum,35000000,1861484.0,50.448963,1.861484,27.101475489448205,7.702852243555954,6.269859307682226
SUR,SR,Suriname,Paramaribo,Latin America & Caribbean,Upper middle income,2024,634431,Suriname,Paramaribo,492829,163270.0,0.634431,0.16327,3.8857781588779323,5.802384395621041,5.212906392750302
SWE,SE,Sweden,Stockholm,Europe & Central Asia,High income,2024,10569709,Sweden,Stockholm,9828655,449964.0,10.569709,0.449964,23.490121431936778,7.024063030691161,5.653177768826975
CHE,CH,Switzerland,Bern,Europe & Central Asia,High income,2024,9005582,Switzerland,Bern,7581000,41290.0,9.005582,0.04129,218.10564301283603,6.954511785031266,4.615844882874702
SYR,SY,Syrian Arab Republic,Damascus,"Middle East, North Africa, Afghanistan & Pakistan",Low income,2024,24672760,Syria,Damascus,22198110,185180.0,24.67276,0.18518,133.2366346257695,7.392217734237379,5.267594079761292
TJK,TJ,Tajikistan,Dushanbe,Europe & Central Asia,Lower middle income,2024,10590927,Tajikistan,Dushanbe,7487489,143100.0,10.590927,0.1431,74.01067085953878,7.024933974589569,5.155639633759776
TZA,TZ,Tanzania,Dodoma,Sub-Saharan Africa,Lower middle income,2024,68560157,Tanzania,Dodoma,41892895,945087.0,68.560157,0.945087,72.54375205668896,7.836071803433164,5.975471789335492
THA,TH,Thailand,Bangkok,East Asia & Pacific,Upper middle income,2024,71668011,Thailand,Bangkok,67089500,514000.0,71.668011,0.514,139.4319280155642,7.8553253516760275,5.710963118995275
TLS,TL,Timor-Leste,Dili,East Asia & Pacific,Lower middle income,2024,1400638,East Timor,Dili,1154625,15007.0,1.400638,0.015007,93.33231158792563,6.14632590479538,4.176293882538767
TGO,TG,Togo,Lome,Sub-Saharan Africa,Lower middle income,2024,8406558,Togo,Lomé,6587239,56785.0,8.406558,0.056785,148.0418772563177,6.924618213682502,4.754233630120203
TON,TO,Tonga,Nuku'alofa,East Asia & Pacific,Upper middle income,2024,104175,Tonga,Nuku'alofa,122580,748.0,0.104175,0.000748,139.27139037433156,5.017763509129316,2.8739015978644615
TTO,TT,Trinidad and Tobago,Port-of-Spain,Latin America & Caribbean,High income,2024,1368333,Trinidad and Tobago,Port of Spain,1228691,5128.0,1.368333,0.005128,266.83560842433695,6.136191800939321,3.709948016510761
TUN,TN,Tunisia,Tunis,"Middle East, North Africa, Afghanistan & Pakistan",Lower middle income,2024,12277109,Tunisia,Tunis,10589025,163610.0,12.277109,0.16361,75.0388668174317,7.089096111661599,5.213809844641501
TUR,TR,Turkiye,Ankara,Europe & Central Asia,Upper middle income,2024,85518661,Turkey,Ankara,77804122,780580.0,85.518661,0.78058,109.55784288605908,7.932060892330939,5.892417419606116
TKM,TM,Turkmenistan,Ashgabat,Europe & Central Asia,Upper middle income,2024,7494498,Turkmenistan,Ashgabat,4940916,488100.0,7.494498,0.4881,15.354431468961279,6.874742548040686,5.688508807656521
TCA,TC,Turks and Caicos Islands,Grand Turk,Latin America & Caribbean,High income,2024,46535,Turks and Caicos Islands,Cockburn Town,20556,430.0,0.046535,0.00043,108.22093023255815,4.667779718248877,2.6334684555795866
TUV,TV,Tuvalu,Funafuti,East Asia & Pacific,Upper middle income,2024,9646,Tuvalu,Funafuti,10472,26.0,0.009646,2.6e-05,371.0,3.984347257585864,1.414973347970818
UGA,UG,Uganda,Kampala,Sub-Saharan Africa,Low income,2024,50015092,Uganda,Kampala,33398682,236040.0,50.015092,0.23604,211.89244195899,7.6991010720026996,5.372985605966962
UKR,UA,Ukraine,Kiev,Europe & Central Asia,Upper middle income,2024,37860221,Ukraine,Kiev,45415596,603700.0,37.860221,0.6037,62.71363425542488,7.578183144725516,5.780821175853473
ARE,AE,United Arab Emirates,Abu Dhabi,"Middle East, North Africa, Afghanistan & Pakistan",High income,2024,10986400,United Arab Emirates,Abu Dhabi,4975593,82880.0,10.9864,0.08288,132.55791505791507,7.0408554070492855,4.918449742401158
GBR,GB,United Kingdom,London,Europe & Central Asia,High income,2024,69281000,United Kingdom,London,62348447,244820.0,69.281,0.24482,282.9875010211584,7.840614147648834,5.388846893599511
USA,US,United States,Washington D.C.,North America,High income,2024,340003797,United States,Washington,310232863,9629091.0,340.003797,9.629091,35.31006166625697,8.531483767062667,6.9835852910376115
URY,UY,Uruguay,Montevideo,Latin America & Caribbean,High income,2024,3386588,Uruguay,Montevideo,3477000,176220.0,3.386588,0.17622,19.217954829190784,6.529762365168383,5.246055196906444
UZB,UZ,Uzbekistan,Tashkent,Europe & Central Asia,Lower middle income,2024,36361859,Uzbekistan,Tashkent,27865738,447400.0,36.361859,0.4474,81.27371256146625,7.5606460784224145,5.650695979760611
VUT,VU,Vanuatu,Port-Vila,East Asia & Pacific,Lower middle income,2024,327777,Vanuatu,Port Vila,221552,12200.0,0.327777,0.0122,26.866967213114755,5.515578476008336,4.086359830674748
VEN,VE,"Venezuela, RB",Caracas,Latin America & Caribbean,Lower middle income,2024,28405543,Venezuela,Caracas,27223228,912050.0,28.405543,0.91205,31.144721232388576,7.453403095660441,5.9600186476802435
VNM,VN,Viet Nam,Hanoi,East Asia & Pacific,Upper middle income,2024,100987686,Vietnam,Hanoi,89571130,329560.0,100.987686,0.32956,306.43186673139945,8.004268421027326,5.517934494185654
VIR,VI,Virgin Islands (U.S.),Charlotte Amalie,Latin America & Caribbean,High income,2024,104377,U.S. Virgin Islands,Charlotte Amalie,108708,352.0,0.104377,0.000352,296.5255681818182,5.018604810222361,2.546542663478131
PSE,PS,West Bank and Gaza,,"Middle East, North Africa, Afghanistan & Pakistan",Lower middle income,2024,5289152,Palestine,,3800000,5970.0,5.289152,0.00597,885.955108877722,6.72338604798187,3.775974331129369
YEM,YE,"Yemen, Rep.",Sana'a,"Middle East, North Africa, Afghanistan & Pakistan",Low income,2024,40583164,Yemen,Sanaa,23495361,527970.0,40.583164,0.52797,76.86642044055533,7.6083459030761915,5.722609246009933
ZMB,ZM,Zambia,Lusaka,Sub-Saharan Africa,Lower middle income,2024,21314956,Zambia,Lusaka,13460305,752614.0,21.314956,0.752614,28.32123239801545,7.3286844404794245,5.876572292732445
ZWE,ZW,Zimbabwe,Harare,Sub-Saharan Africa,Lower middle income,2024,16634373,Zimbabwe,Harare,11651858,390580.0,16.634373,0.39058,42.58890112140919,7.221006435636339,5.591710001081844
