iso2,country_api,country_web,_merge
AI,,Anguilla,right_only
AQ,,Antarctica,right_only
AX,,Åland,right_only
BL,,Saint Barthélemy,right_only
BQ,,Bonaire,right_only
BV,,Bouvet Island,right_only
CC,,Cocos [Keeling] Islands,right_only
CK,,Cook Islands,right_only
CX,,Christmas Island,right_only
EH,,Western Sahara,right_only
FK,,Falkland Islands,right_only
GF,,French Guiana,right_only
GG,,Guernsey,right_only
GP,,Guadeloupe,right_only
GS,,South Georgia and the South Sandwich Islands,right_only
HM,,Heard Island and McDonald Islands,right_only
IO,,British Indian Ocean Territory,right_only
JE,,Jersey,right_only
JG,Channel Islands,,left_only
MQ,,Martinique,right_only
MS,,Montserrat,right_only
NF,,Norfolk Island,right_only
NU,,Niue,right_only
PM,,Saint Pierre and Miquelon,right_only
PN,,Pitcairn Islands,right_only
RE,,Réunion,right_only
SH,,Saint Helena,right_only
SJ,,Svalbard and Jan Mayen,right_only
TF,,French Southern Territories,right_only
TK,,Tokelau,right_only
TW,,Taiwan,right_only
UM,,U.S. Minor Outlying Islands,right_only
VA,,Vatican City,right_only
WF,,Wallis and Futuna,right_only
YT,,Mayotte,right_only
